{
  "generation": 290,
  "fitness": 10685646.711941518,
  "network": "{\"weights1\":[[-1.3598923361421562,-0.1076847693831342,0.9760044736291564,-0.8395323951388869,-2.42067432795375,-0.6866603214708337,0.9575009420127453,-0.6507724778375054,0.04388360359811194,-1.4914922011342546,2.129598523163954,0.36002782088344143],[-0.2973215891799025,0.5062617047847183,-0.3518227151785557,0.6464006432229842,0.19992556774010584,0.23510980703418338,1.5310199220570606,-1.4254675763206563,1.407927341904656,0.8919202961781869,-1.0450541620026763,-1.6210829905358035],[-0.8336078923999254,-0.76793143330598,-0.2584656628947365,1.6340637141484082,0.42202792203146255,1.303083841688931,0.6765755723998331,-0.40013830599190603,-1.2740361226530204,0.2325638787792509,0.4497725861021895,-0.6402083809027747],[0.8875932933143406,0.0030179855357626018,1.3517521157709624,0.7574401445808797,0.4809213133912573,2.29577610502359,2.1551176108877526,1.8023734710782082,-1.0539310238623192,-0.5856761872734598,1.692847678736028,-0.06341213143508484],[-0.8512010307922612,-1.3462944899397973,-0.40943534355849,-0.34598437766171575,-1.0165071351639554,0.8764545751285311,-0.160400080299963,0.6268084074152759,-0.15561517505561917,0.7912184213517361,-0.7777514544058695,-1.381045486623874],[0.23382280890680984,-0.6529159049318602,-1.1100846203628412,-0.6983854898658843,-1.6870979122399485,0.22261273215235788,0.08845544668504313,1.4669059611056503,1.1419836736641886,1.749877402703654,-1.164971045267376,0.856056257748368],[1.2343980561772576,-1.6572713209225491,0.230419526833188,0.4364960590754222,1.5178755100061807,0.8197159514211366,-0.03395572179067108,0.24622912900354188,-0.5860335226184309,0.8004017615416573,-0.2962251430514914,-0.8783178751260508],[-0.6326169704560378,-0.9492624293510193,0.6275413279124546,-0.5207255190454126,2.309073327609407,-0.3677498390143802,-1.2835769488599422,-0.46574822081859335,0.7631411095915588,0.3343013254076801,0.2768510608871888,0.33681788498115184],[-0.31958586115725496,-1.479435073350083,-1.8846892022834458,-1.1115961010074014,1.2577775503836497,0.04696717670674333,0.43892720209092984,0.1323132127894182,0.992568204287875,1.0652914701528309,-0.12320268836644288,0.06152946428147654]],\"weights2\":[[-0.736455585346646,0.40110671831812317,-1.5478120367159074],[-0.7965554401954654,0.4661427355322584,0.36831939995118235],[0.7411700471115471,0.9731558104174293,-1.20865600929447],[0.9065454438834615,-0.6362877549652265,-1.4969033189755194],[-0.7527954905630684,1.1806610085721858,0.4346202111435957],[1.2390592937220652,0.015841724110730482,-0.8108200365806318],[0.23363572627630969,0.6763483827468004,-1.2393428731838734],[-0.08971404129376959,2.034047571702057,-0.5904466834033248],[-0.034345047399452766,-0.39669288192416086,0.9652183179743976],[-0.02424051099759994,-0.12309482210404854,-0.15242464017454993],[-0.4792117789095044,2.343538603527664,-0.7244651020421321],[-1.2725491647599587,-0.5693988026449455,0.06468986346172367]],\"bias1\":[0.5378433697637386,0.8949086066661812,1.3796680632472529,0.1838786436582155,0.01748388355154784,0.73820190177684,0.8217225841290978,-0.7789539239001577,-0.6562828900033625,1.3290549422822122,-1.6419661981859226,-0.8666491345842995],\"bias2\":[0.40165503891896115,-1.0856266933658065,-0.6859755412500169]}",
  "timestamp": "2025-07-21T17:36:57.532Z"
}