{
  "generation": 98,
  "fitness": 1080876.8000000464,
  "network": "{\"weights1\":[[0.4462917338592005,-0.8286030971656757,-0.15966253797442853,-0.41664123274238196,0.8090190163017144,0.20881873658824945,0.0756683243389018,0.9488063731581993,0.7095446715375349,0.8485481385090972],[-0.6266663677863475,-0.4052590776945558,0.5525852536186022,-0.40605281632146606,-0.718627249256564,0.6113166018718501,0.838276626044856,-0.5474352570070109,0.018514677368511867,0.012942113715872505],[-0.040198225533136345,0.40522796723282806,-0.06227550059794085,-0.6548739273214017,0.9219631356421942,-0.31089145881581226,-0.8324817238509337,0.28500865046506973,-0.651882744805028,-0.35787538180981704],[-0.8675268842784839,0.46619864404324396,-0.6143107633626723,-0.2765510897268384,0.9479873708984273,-0.26536401289072775,-0.21031260356421555,-0.7301457015951304,-1.1855063356185291,-0.47053044393330357],[-0.5538970307202087,-0.05654907028856826,-0.7383972698336714,0.5569414188749584,-0.6054337427895082,-0.5824807279504687,-0.26303068395143603,0.1810721662626542,0.1772938743295427,0.5459875946044073],[0.4969210506690349,-0.2676011323981421,-0.41581894339095526,0.9246022041867251,0.40714202028239344,-0.45448850281752806,0.3553089454775974,0.3296660728811661,0.08738950994687644,-0.4658922610488303],[0.16470299497070107,-0.36542737443009576,-0.1408243903314944,-0.2227681335050926,-0.8978100063487826,-0.4328846108076603,0.840222671827166,0.9500845240408964,-0.5249578362158833,0.12359125401333282],[0.6073206650437402,-1.0487343367889381,-0.7261119103288636,0.8900749516137272,-0.09937247999103516,-0.6561431945457148,-0.996033147940877,-0.09712451662056054,-0.8206562058368267,0.46946259722874517],[0.6673697229123099,-0.8464393916362689,0.5057530680966336,0.37744649285398457,0.5669959867074502,-0.18415009101567936,0.41095593523685225,0.12504190900777878,-0.006970771478186144,-0.40854081075548665]],\"weights2\":[[0.6798730764998783,0.4535644229790785],[-0.40069172732743796,0.051555499555911766],[-0.4185127205563913,0.9336639311481805],[-0.5941958641374772,-0.22279509247076046],[0.38163444291050974,-0.46118286156309685],[-0.13866330036962904,-0.8060224041876332],[-0.31370177346631556,-0.01793256755990269],[-0.2679078343125796,0.2821277418316237],[-1.0669654846148238,0.720578309933877],[0.9623883325843757,0.8916676414019841]],\"bias1\":[0.24955190670426308,0.9053842011431881,-0.18932079166347515,0.86706721303818,-0.7822239596562361,0.19634031245713934,0.36434963866668246,-0.12182244563492584,-0.7467587903393477,0.15562106755195648],\"bias2\":[0.824429860385826,0.8504697295775672]}",
  "timestamp": "2025-07-19T10:00:16.497Z"
}