{
  "generation": 80,
  "fitness": 506608.819375591,
  "network": "{\"weights1\":[[0.7723107256745101,0.32923784377959797,0.12994008706715277,0.3522715383387379,0.5687717927397816,0.10462459607985652,-0.6563739803193359,-0.9556321365540188,-0.14091737925884396,-0.11747318149805697],[0.392611269204454,1.0061262210930737,0.23482764304342707,0.43973810534710356,0.15591004524958185,0.7962970859605221,0.7674925629726717,-0.7057699265072095,-0.32123556541873954,-0.18010772730981794],[-0.052297136287488555,1.1514664827771515,-0.25734859549310707,0.05944208116948291,-0.07275930244177853,-1.2855989338646494,0.6249378643547804,-1.0256689224648932,-0.9285766066101357,0.4620187265505682],[-0.870513772646527,-1.4574268129136345,-0.3894150156486106,0.5883496989715287,-0.5986546551003319,-1.5595858665520943,-0.7630756025214799,-0.8794521903379547,-0.843970000848907,-0.30633335587577015],[-0.6789445527610896,-0.848434595532623,-0.21393185003696547,0.3309042527091479,-0.27258462187222265,0.31618493716988105,1.4036861085895547,0.289369247089973,-0.06462628995184228,0.21725284467063455],[-0.4156930394606152,-0.066840587677363,-1.037215492444585,-0.8117562378821618,1.088218602363582,0.4934360571366543,-0.4152348020789144,0.9955492433805039,0.356096486913444,1.054512228273111],[-0.05284724489580728,0.7649038020480442,0.0970609319493656,-0.2248089182557408,0.39834567605987126,-0.01657372988190353,-0.6864762829962391,-0.2022354733252789,0.4439198048195657,0.5876196401711651],[-0.5191332352384966,0.015612457310628658,0.0020887375994707025,0.6495336028391606,0.650619149155102,-0.7940369098964831,-0.0742045946969474,0.22468941453993663,0.786431303303644,-1.021965551935593],[-0.19348581713807012,-0.6346244259951006,-0.5085465860104414,-0.12401762218643753,0.5174278634073666,0.2675260318873137,1.0163704385141001,-0.6689081712393432,-0.5350369415227532,-0.2850154672158336],[1.3197694909408826,-1.1641498890500612,0.8869474025225684,0.33210665406666495,-1.0692929608781945,-0.8300264715497164,-0.055542802265195146,0.9234936212249717,-0.9808481646228879,-1.083157077913961]],\"weights2\":[[-1.0887348504312886,-0.3559418683141522,0.704322124441324],[-0.7635895731952508,-1.1177097171750252,-0.5620359721313457],[-0.04863609713571104,-0.4126789947017213,-1.5143357015635064],[0.7354354532943034,-0.23844967314862775,-0.043021335179889486],[1.3084584393810272,-1.1077845148867502,-0.3816160810108805],[-0.2860658332474034,-0.8301098303653264,-0.27466525436444833],[-0.05754572724688578,-0.27743291442920737,-0.1331004990273934],[-1.191914434991546,0.08744630850829216,0.8756077564717517],[0.028458302025530124,0.7987893735532339,0.10179549282671341],[-0.4825113158953781,0.34350443110397866,-1.2364732869738218]],\"bias1\":[0.329581575643937,-0.20968696114180452,0.3909241295229896,-0.18257140353829415,0.6464851999250454,0.35370705048330664,0.6032368993274594,-0.3080277724016486,-0.47992166864574237,0.2871630866407232],\"bias2\":[0.5297564560636155,0.5588276374785831,0.11775166615069155]}",
  "timestamp": "2025-07-20T14:41:28.433Z"
}