{
  "generation": 91,
  "fitness": 1108451.8000000448,
  "network": "{\"weights1\":[[0.48801222848071524,0.5127878479244846,0.12189937489948499,-0.2756445853944901,-0.8977911229727198,0.6330515834517564,0.3352058437623202,-0.12126146214848399,-0.252577183705018,-0.055713208966490235],[-0.11909234166467231,-0.515468293700096,0.21661765584967874,0.07458293702133934,-0.41080017546891434,-0.8668687262008321,0.07405447037507562,0.43035940799981687,-0.8016485862285179,-0.5955633105703664],[0.7622583955871037,-0.42162064578694336,1.213016377431102,-0.24261587703855192,-0.8058318441925718,0.2838000852711071,-0.6480759846688086,0.25889015388805303,0.5135828590984297,0.9585813464020939],[1.0185931982075005,-1.0169314740503341,-0.6816885564575033,0.13345767594545732,1.2025282144594756,0.7773287231424105,0.7926732115837685,-0.8534050383967399,0.049675585300928304,0.3003530378358532],[0.3729882433766002,-0.11480911385100878,0.9994530374210403,-0.01193309368902229,0.8324626385111844,1.0267697689637543,-0.021272208125149072,-0.5738926644810132,-0.12518858197818705,-0.9177777203044115],[-0.7049485380352292,-0.6487239352483242,-0.6200433914263408,0.7936652598812962,1.0614154358347347,-0.03935695733653144,-0.646734186284785,-0.6499222141699013,0.5293902781124209,-0.1313174388390198],[0.6988089160588642,0.482420339229263,-0.6807665409344237,-0.6531532382131121,-0.03355443451768092,-0.314099330617296,0.437122738084618,-0.7829079683259796,-0.4570424223394013,-0.3740831175769923],[-0.5943373248701332,0.6603264528805042,-0.12405429043684546,0.6227921726448294,-0.13229163275924394,0.030547176716150926,0.5211391984346343,-0.3301836785813599,-0.18652696704532146,-0.8229570055201724]],\"weights2\":[[-0.3418290025724625,0.11435395917313151],[-0.9272975444192535,0.2560618568632449],[0.735334333290643,-0.2100425333078213],[0.11024002564641233,0.2463610790192634],[-0.3180684669692584,0.7606071201851787],[-0.5600749585099416,-0.635768086299698],[-0.5549023491717852,-0.3154732249965786],[-0.9286204874865254,-0.6588620577488745],[-0.22345949683618627,0.6367315520555605],[-0.25387587201023176,0.17330566738622755]],\"bias1\":[-0.20745151356024716,-0.6658149367400665,0.3237359025880959,-0.23080173652449687,0.4765147589569031,-0.24298342688642993,-0.12677676874288346,-0.8197710475899354,-0.7889855058810418,-0.5035921246797899],\"bias2\":[0.08792684560290431,0.4053161758092443]}",
  "timestamp": "2025-07-19T08:26:31.433Z"
}