{
  "generation": 97,
  "fitness": 837730.197768238,
  "network": "{\"weights1\":[[-0.7694935674964655,-1.1998736049295533,0.12089264948874812,-0.20680139678580411,0.012830612119893336,0.19961897161446052,-0.36915560041083806,1.2756661871071309,0.3914740421337224,-0.2662627222246732],[0.6584112809119226,0.22219474302383124,-0.2825020023269459,0.7858294870278921,-1.0242200355341886,-0.2329704487792813,1.1154685689551378,-0.09314029239967225,-0.662629103346184,-0.7420052160345895],[-0.777477346162495,0.717996523490965,-0.9512722259344515,-0.22105321495892294,-0.011696541815645833,-0.66896866409455,0.02536754416475684,-0.7636214604056242,-0.08277674752218545,0.8831440035083227],[0.31270920089199306,0.17506714608882112,0.3969233861873621,1.060963671304389,0.23681938066420716,-0.41763166035126686,-0.602975765238664,0.08359902450265,-0.35586476010928125,-0.5618677197591846],[1.6729060811862317,-0.3605695076030003,-1.1414392162402185,-0.7095212284480588,0.7175938992209526,0.0027393159886157648,0.49256247453144175,0.5222033056044275,-0.08518948356830025,0.6539081833477772],[0.23218562300573642,-0.1447027285489626,-0.3966214221602754,0.33837592344865886,-0.38159750849421614,0.8450572061138137,-0.8248480965193304,-0.33839230743607074,0.5192951908635866,-0.55239374787784],[0.6820855237885156,-0.0924604954821957,0.994871457056945,0.3379333860777227,0.3071225316341559,0.044959733618886055,0.5408534133463014,0.5218940756396573,-0.6954473051844862,0.8100263235992333],[-0.789302473594867,0.31200695710758175,-0.45828202029412357,0.6048305424750566,-0.7179987337293522,0.4141799394750454,1.4393332257562128,1.2255625396586822,-1.141039376124377,0.6427495451742988]],\"weights2\":[[-0.07641240772576707,0.6819921217848635],[-0.787212961777724,0.038291054833142546],[-0.13979810305684437,-0.3335945460525658],[-0.21763199821789803,0.40581323525823143],[-0.7718562312130703,-0.5749345946393111],[-0.33875031941351597,1.2006164231527419],[0.2182649521224519,0.36267126199400423],[0.16775213846297288,-0.6786436585949289],[0.2997059954214264,-0.292269603637338],[0.6740242055455712,-0.7970365050199385]],\"bias1\":[0.5326290723622114,0.7420611202979714,0.7192211084109021,-0.5674279287594272,-0.5731452707885936,-0.3193418906005372,0.7565028034198449,-0.47348166637088973,1.1647035925670992,0.4025287564769482],\"bias2\":[0.30926492107194625,-0.5533150654512564]}",
  "timestamp": "2025-07-19T00:15:52.739Z"
}