{
  "generation": 18,
  "fitness": 10661265.797630597,
  "network": "{\"weights1\":[[0.1687875109611242,-0.5126482353339153,-0.15519767557554442,0.9726578585617066,1.29454255103447,1.1601910620159153,-0.49450090105564903,1.1117189239541712,0.387823849205855,0.22388124569949308,0.9295707031016882,-0.12416481502355214],[-0.9811906578495461,-0.9835980882295808,0.533910169402382,0.13913459807515216,-0.4356462793735544,-0.5656536339378269,0.09785073066957795,0.19314621452140657,-0.018402653460231178,0.19868452297942174,-0.06631578032079166,0.3400985815845957],[0.21223909792790074,0.22937308433856796,0.0015309557606908442,0.9260532026490859,-0.6576261222925144,0.4029238941673505,1.1884328535694162,1.033430927617096,-1.2880166488726408,0.5768759671796152,-1.170569694758567,0.2490584620172297],[0.19650690144518912,-0.47675939749199114,-0.44178633390288935,-0.462813225612311,1.1589329234076136,0.7706280656884947,-1.0833729217795254,0.04177564997716743,0.9704741082090929,-0.3284554705178089,-0.6439971448748334,0.261673508801474],[-0.8170509515211488,0.32993979322691547,0.023884944120683316,0.4907177824114186,-0.9005280560052892,0.7864875820159652,-0.7986517814115691,0.5279967865651334,0.2324414288712806,0.6923789021276748,-0.5112442959603727,0.026064916430093454],[0.8893966857208401,0.6723977191439349,-0.35941237558278605,-0.4355277142488675,0.3604641068615353,-0.41106282958821705,0.16499090057330457,-0.6803470662076019,-0.5774824055452392,0.3829664726795059,0.14417621350171939,-0.18744834011700018],[-1.0355477837101539,1.078647455910854,0.6007722417455617,1.1317598452187148,0.7010311825824354,-0.14760757828702775,-0.7197953004078114,0.8423915884285837,-0.7420290427592403,0.8080768067445359,0.05650472313678756,1.1808486766316952],[-0.17177995614008756,0.0020556294383851093,-0.599336218132431,-0.8504761836565642,-0.07436652047496939,-0.8206156095960946,0.014948720315746011,-0.5993443200364131,0.25500132190625346,-0.21462746058356597,-0.14142736034202086,-0.09618409263361427],[-0.6958146155926734,-0.4679360595610592,0.34858224391471415,0.878475812228136,0.7149682738717925,0.40677547283503945,0.7330340267540246,-0.7740885456312702,1.148572590139301,-0.4348605980378555,0.09980902823397475,0.016052091524866086]],\"weights2\":[[-0.8527462563938417,0.7659576614797836,-0.34412462086106577],[-0.4019612758965817,0.19031673933638826,-0.17927982812254806],[-0.7734562195167513,0.24261652642782205,-0.24118225477952182],[0.12503103760639156,0.20282542842025375,0.40587992834045894],[-0.06808032875698278,0.6245866366195489,0.7457291145195667],[0.46161703256819175,0.47840652439765463,-0.13832158019974294],[0.42160428735850075,-0.30683814441238977,0.13057223136020546],[0.4121507214247563,-0.4223757974076737,0.972961431678531],[-0.7417970865828246,1.138125780818805,0.4111321551189827],[0.9535781437527442,-0.43712295662569123,-1.2569412399765052],[-1.3997920103625558,-0.8716468039032342,0.06844674878797496],[0.6969097770037642,0.34991093014381736,0.41437510064264804]],\"bias1\":[0.3050548250000906,-0.5271012245570419,-0.13041684772161644,-0.11766381588881702,-0.44520795646801614,0.45322214394991744,0.6235773344059312,-0.06180329998253209,0.1903697200373996,-0.10897941234902919,0.8068424142803157,0.20161032473372043],\"bias2\":[1.1701523973533368,-0.34703674868851975,-1.302745993687378]}",
  "timestamp": "2025-07-21T17:45:23.653Z"
}