{
  "generation": 105,
  "fitness": 10674988.398241019,
  "network": "{\"weights1\":[[-1.4041121563691337,1.552184953810389,-0.598742290345233,0.19168096503224696,0.89345504472276,1.076795496140564,1.4565844174289788,-0.0017874713020248345,0.2412175481012866,-0.7460180099470802],[0.5452239060182592,1.5656975713230254,0.1797687301194204,0.2599437582700729,0.7085663341305681,-0.17990702584592866,0.33548241400978596,-1.2670694906788582,1.133237677031416,1.553442854580285],[-1.164310912272677,-0.9878915519891566,-0.20755484273792146,-0.14403887970115603,-1.5129122524601708,1.1267423087762527,-0.19321134956623165,0.8584799006935019,-0.7185439047303981,0.47483476824098425],[-0.15767285547682164,0.009000676508246541,-1.476581869323243,0.5997928244347583,0.3276059956600019,-0.6310293426144182,-0.06590263510551053,-0.13560562646377028,-0.17086462357491217,-2.0820314535406266],[-1.7120565939557852,0.21871624772693687,-0.14534721134437512,-0.14807170775743206,-1.1769075380653846,0.7006996357639255,0.7469173982180899,-0.05091266688856133,-0.7496211270722519,-0.6716891452134346],[-0.8871030078895353,0.33065797340384495,0.24155727046150022,1.4225271982903083,-0.36650303669808426,0.3461058773298804,1.1025799643308622,-0.09894504614038324,0.04689351426134669,0.8096889952298514],[-0.6320350947233633,-0.07986530065423203,-0.7083562717307718,1.6772692546943522,0.29282158966655236,-0.7532326646022293,-1.4351244314059342,0.08400203284982721,-1.8140885171193628,0.14303803173623186],[-0.9324405567324388,-0.6671463424524706,0.1208316103665793,-1.4219194678262645,-0.5705377797017164,0.17802091143460597,1.6043490591738998,-0.34098297682906675,0.28459545580939494,-0.4580401942779232],[-0.9481963213716678,0.49879807933506826,0.22157569141519784,-0.5475245934038823,-1.2365764648997337,-0.5031674566264669,-0.44685386038724406,0.6209386845025802,-0.5415526285014381,0.2368828473431963],[-0.448413539428986,-1.03783504636746,-0.9171603533700616,0.1945232866417802,-0.2944051684286686,0.7002535778869545,0.6841220196662349,0.4574317466074712,-0.2753816444801135,1.315435076112613]],\"weights2\":[[-1.065056119546483,0.11506243997518861,0.029132254943933344],[0.13841973747027092,-1.2181523398070129,0.08561097372348292],[-1.1642501706440922,-0.8354268185719111,0.09164853000417106],[-0.31455372919774405,0.22934545882167034,-0.18382685420081069],[-0.6792312892474348,-0.27344013158112457,0.010912402272650668],[-0.3910094235667908,0.2406674688651771,1.3219495843441216],[1.0596424085085947,-0.3280858912546356,-1.3569851638092247],[0.05453676467345747,0.7751751229521279,-1.0512058031293798],[-0.9523583445618719,-0.5921607661620234,-0.34203758522443173],[0.6339931035759743,-1.2162245405664955,-1.0478553623321418]],\"bias1\":[0.2716156057644884,0.3853777322487989,0.6947234148106758,0.5370248623094731,-1.0842207271119706,0.4490302168796029,0.7577557810200922,-1.8657531587216374,0.011013833436207765,0.8004656408268279],\"bias2\":[1.1857518695280027,0.25502298725979367,-0.7549949944093685]}",
  "timestamp": "2025-07-21T13:23:23.523Z"
}