{
  "generation": 18,
  "fitness": 364433.0999999917,
  "network": "{\"weights1\":[[-0.6486857119094211,0.22237240027734906,0.07309561395239195,-0.9080590913901845,0.26735608352563967,0.07741724169469788,0.7251351219569271,0.4925111991981479,0.9494552479731722,-0.30349217045491417],[0.8365474443640348,0.4458808603602915,1.086833278690527,0.8786196351461513,0.8460807720314625,0.20777667186722848,-0.7352429555835868,1.0815141101380445,-0.2558244418338156,-0.6560350296380711],[-0.7168346688393812,0.3252453030085043,0.9723073112971812,0.47236308420876816,0.30903002319302497,-0.6723869151710833,-0.9683544601483736,0.3066105832388982,0.46196884845597974,0.061607054550963714],[-0.7501592284570733,0.1952890916073955,0.9670724811884134,0.7940387474971922,0.5284881440116784,-1.0752906601205117,-0.8073846709607129,0.8717805921436028,1.0254586283208815,-0.007448799044897925],[0.5791006921304498,0.4216346749323203,0.9256105431046397,0.5249098457291076,0.8869635731847612,-0.11715247698210252,-0.46708893742274415,-0.7305068473535258,-0.0783976449045638,-0.1557930089480759],[0.9797489163752936,0.9689718613232305,-0.5387262906065851,0.3922373769531333,0.7730528737530031,0.7776701262477097,-0.6645304811932484,-0.5147487419595034,-0.5900215344215232,0.23296639659594998],[0.6739812380124157,-0.8155405666912529,1.1019912388612874,-0.40125183815349486,1.0793509199705196,0.6416807775165652,-0.12117495202732842,-0.17344682152709678,1.1046828566349705,-0.27832457741061],[0.03952281129000623,0.5923239407617484,0.17988484471460242,-0.15642622905651127,-0.2868754146093626,-0.47863473492521713,-0.7253543612869062,0.8215116256439742,-0.894918357550584,0.013990018387476155],[0.695973506490112,-0.5320563264554744,-0.32775673941955397,-0.6367037664501114,-0.101141786054194,0.7062379577702553,0.6249477351986248,-0.24962339962506586,-0.8057311068291706,0.3006645194499403],[-0.557836641875241,-0.3841310022502046,0.7136535774839798,-0.7590499481229322,0.6362567396949523,-0.6164375034048933,0.24489952340665677,0.011647163209231648,-0.513047478738172,-1.1556054246129177]],\"weights2\":[[-0.7053454996414181,-0.36909071098496504,-0.03517782184384166],[-0.5102202389528961,-0.42729674483775026,-0.49355031418941087],[0.17380589152089732,0.3669203159035268,-0.6732792328649602],[1.0594636685351675,0.34480747007584256,-0.10308880993813263],[-0.8857038185373151,-0.4456896497383349,-0.35316358011665017],[-0.46041039441355047,0.6162110896462889,-0.764474144227654],[-0.7092497056301135,-0.032248713189334755,0.5276754260554024],[0.9137795563717481,0.7636846653504707,0.7325826575872187],[0.6700059441588591,0.6105239097113979,-0.046588814510425736],[0.5499950733128831,0.7584100667768374,-0.09370690881003829]],\"bias1\":[-0.37638504592317457,-0.3755858595722831,0.420451320219021,0.5719421917249389,0.4047634021738067,0.3329323301633259,1.0985914261287295,0.5182208719388295,-0.7550137256544043,1.0309153603092585],\"bias2\":[0.24034280204610226,-0.47107038020820347,-0.2862265734460152]}",
  "timestamp": "2025-07-20T07:45:50.934Z"
}