{
  "generation": 136,
  "fitness": 10680836.11561329,
  "network": "{\"weights1\":[[-0.8838584605502127,-0.15797688316418057,-1.065936825055533,0.07686829020282315,-0.22720722504133872,-0.8338145163495672,-0.9523723322650273,0.3006318534345317,-0.05862118731935506,-0.5538632832008954],[0.7474531692383072,1.0810715378212319,1.3956024327738232,0.4531842480395265,-0.397922232736454,1.388090382690439,1.058372024866285,-0.7006009982955606,0.032132738873756006,0.5401432955166992],[-1.0600322724935138,0.8329472952444039,0.8865819944178284,-0.3791215807170041,1.2007588406373784,0.21491928087327672,-0.13548958005342326,0.3443757895614413,0.035510181118357576,-0.26031689043230655],[0.41435062820814583,-0.646250557239481,-1.3682821190235028,-1.2455654993807683,-0.43003403382212213,0.7653587260198262,1.5353636765472032,1.1144375188611328,-0.07053303422070889,-1.519265964490364],[-0.07324340486405234,0.4786202776001308,0.585708463657273,-0.4048689690253945,-0.3522574568027914,-0.30341350039751425,0.3033153490676582,-0.6702185348207325,0.8262122072989042,-0.6333590154264273],[1.3217096459533306,-0.016285568079950297,-0.35197800712367466,0.05614055647874905,1.3743175886277899,-0.20573386922475567,-0.3831093611082992,-0.256047493275398,-0.32189823621224944,-0.11603383017228963],[-0.4498668484747892,0.26912086389068535,1.6867794008825798,0.6126248122845303,0.20965712314913332,-0.3722089782919715,1.4129587827607866,-0.018622219696365794,-1.643569978109563,-0.009277703439877105],[0.11140267506625645,0.4890431345685,0.05410516224264772,-0.4405039882534163,-1.0286688801245178,1.5645566439066245,-0.18841676201090385,0.07249924806294628,-0.013629740387424372,-0.7829358111297681],[0.4726654181609107,-0.64749358831703,-0.013512431438141514,0.034085599411476486,0.9788683159848403,0.006794686753827661,1.2719685025115761,0.3035245217745264,-1.0517475584459897,-0.37007293249936457],[-0.4206502203719663,0.056009247911129156,0.6020986519621394,0.5149635800205142,0.680217534407205,0.9581254111505733,-0.017893024083523446,0.7486441548619114,1.06017734088289,0.026047225538215923]],\"weights2\":[[0.9244399342923244,-0.6280544802932404,0.28140303899371555],[0.3742513500362047,-0.34551453948492106,-0.015379024538707986],[0.98009118673368,-1.2229118314835763,0.3788182783776315],[-2.2984610350125765,-0.04730731650754838,0.15124908216500088],[1.0324776057884062,-0.1461583261344871,0.6767351416587084],[0.3455876437906955,0.4261585533496278,-0.9061974291801046],[1.0864419014244309,-0.20898816917607588,-0.2107031402153453],[0.15087720599783505,1.262104633919129,-0.24066703639033404],[-1.5303154896847921,0.8506779848708415,1.3960517718537924],[-0.6735740401077932,-0.44801067480931833,0.14579657781487643]],\"bias1\":[-1.1816660493132174,-0.09559772381101672,-0.24838498730892655,-0.0966306262959421,0.3172264440265907,0.015357360381971774,-0.06230692466399479,-0.27765246483712736,-1.2392216294027123,-0.4327724708787767],\"bias2\":[-0.07767244513363092,-0.41670546444289136,0.1305287164616371]}",
  "timestamp": "2025-07-21T14:03:03.860Z"
}