{
  "generation": 256,
  "fitness": 10713936.334017389,
  "network": "{\"weights1\":[[0.42877608326650174,0.003784743089672138,0.157791343537254,-0.7153492730725056,-0.1054663237317589,-1.0716260673056173,-1.2876844053272363,-0.511080703832449,0.3785768733453012,0.6784565053758848],[1.2085200059251617,-0.4861174012679338,-0.34243518876987333,1.75698605177051,-1.543996071271002,-1.2213959184014793,0.619739147813155,0.011960342801141,-0.1256076542132123,-0.358066875811065],[0.26411101610390086,-0.1283967611883461,2.1323244425850287,0.13073296502055842,0.9631930222227866,-0.6461212726768037,1.0093646818223798,0.6340166653686776,-0.23387922235348335,0.846117384664754],[-1.7731158017613984,-0.30996839999666703,-0.04783893790273941,-0.4589570543640651,1.1789873814111185,-0.6504316223747204,0.9334961280877285,0.37716459358400944,1.3450293773179256,1.185199255988445],[-0.24689327843281206,-0.30283546880165146,-0.08642950975638375,-1.2778906309102367,-0.3847528610053177,1.2374959330747264,0.8174771384050682,0.15339455363911358,0.8796866370795461,-0.3171628615391755],[0.8046578874210287,0.6519868674946098,1.0429958966091717,-0.23509756937793158,0.29103286628126623,-0.20953213051974073,0.026308765631297915,1.0620703034146426,0.5144953387737337,0.666404587350892],[-0.4421281846613355,-0.6479709713739429,-0.12698587210917534,-0.4442655271899023,1.0108871385470897,0.776027899585534,-0.4452054534074945,-1.0095610525526055,1.1500692322954233,-1.0498780954526445],[-0.09101131887157976,0.24842646661944234,-1.6519404776035471,-0.17731217923401799,0.27457753062101387,-0.35096622948267264,1.609677403846013,-0.36907282239442885,0.4593456608288612,-0.5408413951115765],[-0.6028442067841431,0.24674733539997773,-1.3358612239290577,1.7030095787167703,-0.9817415417639628,-0.7103011953077775,0.04410504208423405,0.4766826004543301,-0.8956717558532818,0.1452097293850828]],\"weights2\":[[-2.181647635219855,-1.725447614603222,0.1713419443549643],[-0.8901546918969002,-0.545422367785203,-0.08543179993864314],[-0.001329928802502378,-0.4015310766756168,0.4607740131654572],[-1.2588458350592227,-0.8998871899834844,0.5709495547992951],[0.3934572564873636,0.5331535961246583,0.05338435758537574],[-0.1965180816601334,0.9288281335658309,-0.9691207643038606],[1.5323806016461718,0.5484129793634219,0.030623830006874964],[0.7861028362413071,0.3014881117988274,-0.7355862284327388],[0.46047495403562355,-0.5293791391518999,1.1926105900800024],[0.9267390783448876,0.6888770340341549,-0.8665082250398305]],\"bias1\":[-0.10816565306288106,1.6339193023137506,1.5860028410287004,-0.021413979324666488,-0.2668541416868784,-0.9428421577333875,0.5406021391428504,0.35941268655836767,-0.6263290680800819,-1.8580135868389327],\"bias2\":[2.3442530981737675,0.12421321295902366,2.199971834690758]}",
  "timestamp": "2025-07-21T16:40:30.696Z"
}