{
  "generation": 35,
  "fitness": 122124.29999998143,
  "network": "{\"weights1\":[[0.6207152596789688,0.7424653027487862,1.2577212104463942,-0.8855245442734506,-0.37259217723941196,0.7051348787153823,-0.15390817678423374,0.44489184281607574,-0.8831870948567269,-0.32929330479382346],[-0.24595526178023996,-0.2641346402521342,0.4764940116336476,-0.6537798629192473,1.0258464269497747,0.0317693079648379,-0.08069155298667141,-0.5297342322852707,0.03324898465644488,0.38904120948061127],[0.07918039537257293,-0.9786085879540359,0.13459662742959677,0.7692908972607146,-0.6240338088604915,1.056701849516378,0.94760896709733,0.87846073497146,-0.1259058060099516,-0.5629638432506938],[0.25139093833160064,0.4496484955648308,-1.0025205045850725,-0.4004962519313042,-0.9642125073310637,-0.13612321232388658,0.3663302249936754,-0.9394252675986613,-0.439631954576448,-0.681672468697752],[0.8640852953097369,-0.8293560050894002,-0.6815347353502296,0.6840112146005413,0.08281715665185752,0.5014387568682355,0.6208108623455947,-0.34636563063650483,-0.25754544404884105,1.0096363337169367],[0.6804941118181206,0.579855986266421,0.6537474486774394,-0.15063790947293232,0.7096284777345958,-0.7977127765733288,-0.7617670999709675,0.8524104742657335,0.311337981574353,0.4300890579374339],[-0.03703910570379887,-0.7681503266830025,-0.8956495286814943,-1.0552376321055514,-0.3106431321136549,-0.6473873035232275,0.8472276264454129,0.6556130493018417,-0.431671347782978,0.9955612263345963],[0.302480702536563,-0.0198491895328331,0.5157378834394585,-0.2008278069954077,0.009659491442324919,0.9441475297564557,-0.32811895140334424,-0.5865793532464005,-0.135730869775483,0.6068760557797503]],\"weights2\":[[0.055208987718051716,-0.8311035355947299],[0.5862298555707381,-0.8213049880014064],[0.8112652268889965,-0.8792422104074223],[-0.7527072399400558,-0.627920864542046],[-0.44649221679706874,-0.22854209981513152],[-0.8421887154486796,-0.08171059054652507],[0.5958880067412938,0.4800013482293759],[0.8463391118931489,-0.7499518210443545],[0.15194449443964553,-0.6781028132105416],[-0.3923025674182812,-0.20722082459199997]],\"bias1\":[-1.2744860442491333,-0.7150956721621848,0.6837072256557206,-0.58506822842243,0.12574765381449338,-0.8195469037046209,0.9630632372816109,-0.24791473692052857,-1.189496531551033,-0.12473723601116471],\"bias2\":[0.6375116018439827,-0.6327911949018895]}",
  "timestamp": "2025-07-19T08:12:15.846Z"
}