{
  "generation": 46,
  "fitness": 120449.299999982,
  "network": "{\"weights1\":[[-0.7138414389165334,0.09772474013038757,0.42498851696594864,-0.3556010737003754,-0.8608186731882455,0.5344149337253832,-0.56054254653361,-0.01119633959492683,-0.5812780748766542,0.7242294582477076],[0.22836646514773662,-0.6899231225102411,-0.5634607913459743,0.5581844624786315,-0.4923150700640626,0.5654790272159438,0.4878714620787282,0.1513012903756894,0.164416123650012,-0.9351498682571974],[-0.5248805711203881,-0.10711925832801494,0.9193064345851942,-0.37710955518089906,0.5230670063188523,-0.355230723038511,-0.9724590978518586,-0.8320426187542066,-0.23933246264774788,0.40032633967511744],[-0.7921398683192276,-0.6564916215308747,0.2984141624653909,-0.9742545187368173,-0.4007956606791633,0.2531568944208602,0.6561251223588362,-0.28713356915756993,-0.945839326198341,-0.3287844431719753],[1.144741062084898,0.40796901685137277,0.052961987135100475,-0.15801355211099366,0.8262142209267459,0.8480838075602741,-0.19210250932556072,-0.014848224479779293,0.03385655404397492,0.8681535756590972],[0.28263346413164403,0.8050613706471632,0.18415023470926073,0.544511396777406,0.06458126353668381,0.913061856909734,1.0471815529690838,-0.32016385682943527,0.5751939608305174,-0.0835035025024401],[0.01889110917542003,0.012922597823699977,-0.8940324280097292,-0.4534439955119839,-0.8029949453889564,-0.7523442812422884,-0.4692126079256861,-0.15592542495776396,0.24906148556038832,0.6073440561431207],[-0.2404382175217159,-0.7617362888759823,0.2585775868885545,1.168878908872073,-0.21035761046854784,-0.8450985904013715,0.7645142689895659,-0.5633750099901829,-0.3226489904307286,-0.09722741738813612]],\"weights2\":[[0.8645145834089406,-0.9527504613672576],[0.310810775914258,-0.8578437112774447],[0.5281691919485554,-0.695933319973948],[-0.1610438131320998,0.7858950718629655],[-0.4786365124621683,0.583241060744899],[-0.2517502465312227,-0.7209408726613812],[-0.9097802745977281,-0.0670384457055645],[-0.8084684177815838,-0.09327862631961459],[-0.8648082229869591,0.8625871260727007],[-0.7977302309329568,-0.3902251812389086]],\"bias1\":[0.9019064545143861,0.8227966778578119,0.6083736374253429,-0.33531226891612187,0.0025505925291399167,-0.7703589007147899,-0.6078915731685859,0.5724314371400232,-0.9632669542252441,-0.8174481810397914],\"bias2\":[-0.7619615829830658,0.7360663195841428]}",
  "timestamp": "2025-07-19T09:43:57.738Z"
}