{
  "generation": 87,
  "fitness": 122324.29999998161,
  "network": "{\"weights1\":[[-1.3618970787992015,-0.5740776082559741,0.0763825363144186,-1.0811680898143123,-0.4009104260134104,-0.03751016783334293,-0.5527766733539756,-1.0754922874702029,-0.27706920662370793,0.7139850025535459],[0.2658681155638365,0.22668813815564448,0.0016697109439410829,0.866690020900213,-0.8712202098743626,0.06217689278605876,0.6964139052779554,-0.37547862931546416,-0.8762335176806716,-0.24060610571285534],[-1.09285192902886,-0.4440999289641857,-0.16517196622697883,-1.06922187683855,-0.6976105844198773,-0.6992017120246957,0.2413057639474725,0.037729998074399695,-0.17679870195488667,0.48684878050168545],[-0.27325740271772336,0.4463215467011161,-0.9007640946848041,0.6871200539269804,-0.6258063499548134,-0.2340021713894611,-0.74911632464261,-0.06614741735769747,0.6236251305350781,0.1759226142128587],[-0.7482244060321755,0.8679361381122752,-0.4063234813961806,0.42170616186589405,0.5045560136794112,0.19324945579097463,0.7889575149778029,-0.11687451840459029,0.7781239269882914,0.6776834351143347],[0.9255342223844241,1.105049163359522,-0.949273018044505,-0.47546006450783806,1.0406000648279785,-0.05070381505970034,-1.0356095960601728,-1.0558076291411322,-0.0034255080239158353,0.05843517232352391],[0.4757216626298546,-0.060220901046651565,0.04608459873725557,-0.7813207798338819,-0.6599003010129804,0.9118681242517227,0.2734451758044968,-0.24377777523457234,-0.40346201066918574,-0.28259946343150555],[0.47352173945472364,0.7170602475509511,0.7536930028566351,-0.1314989387203499,0.048809353901668406,-0.3470169938975092,-0.561788889701827,-0.5029975551915644,1.1029591440928515,-0.056239236368227696],[-0.6989889406528338,-1.0079565875641945,-0.3261897805731505,0.14205764876464788,0.13890570488342713,-0.37609411207608145,0.7563946261837353,0.34066776469135074,-0.2540591778030695,0.7413298753388123]],\"weights2\":[[0.396682529120042,0.9461781369277995],[-0.14350999163142875,0.7139673186425615],[-0.06648099798597606,-0.7685861462528648],[-0.9012750125203318,0.05732081867639416],[0.08535019874003558,0.4120316628766967],[0.3651620573156078,0.18417919031005525],[-0.15736223417854933,0.36968463445148425],[-1.1429413978605751,0.47213359336286087],[0.43351762761732926,0.9571321978137687],[0.6637962261896285,1.067131274946448]],\"bias1\":[-0.1522007441337302,1.0732856113849207,-1.0679723050733112,-0.7144482641422658,-0.6159085830777856,-0.08106215239177605,0.11784080582222412,0.36733789417352225,-0.9000353593747419,0.775196895233311],\"bias2\":[0.8575509079456034,-0.5408081670092558]}",
  "timestamp": "2025-07-19T10:07:30.378Z"
}