{
  "generation": 55,
  "fitness": 10676239.067217795,
  "network": "{\"weights1\":[[0.8687694226786867,-0.3109346342604694,-0.3737092611727927,0.9584049311262075,1.7349747832834956,1.056372995548064,-0.994109690629738,0.5252179505216349,0.22872659587460697,1.1594848806615063,0.5893566717368838,-0.06238000321068926],[-1.4027838932650079,-1.581874736864707,0.20237075506599234,0.149404109515066,-0.9038362475682609,0.16774482808870717,-0.46519529512057656,0.05266581509270163,-0.15380012545926092,0.21179001802635444,0.3453441913560079,0.8396213204398058],[0.4285311136903637,-0.2108860906807376,-0.2874871650207588,0.944587605292407,-0.15534998419765345,0.21332095134908746,0.9086365119189173,0.8730498278716952,-0.9257916573425778,0.3534531533640246,-0.6616392577719274,-0.1504012959516854],[0.2828828705248685,-0.3868136089367281,-0.27564735721425704,-0.10494739446979517,0.998892325602388,0.5327576700386376,-1.1507107046660243,0.5070654835930569,1.4369327306900175,-0.17764934552111844,-1.050655685469513,-0.21618699034400746],[-1.3437672876269526,0.5549575058429818,-0.017761639115455363,0.4074641097056273,-0.8894098198939733,0.982621079854162,-0.7986517814115691,0.08463023627216482,0.11012306040839737,0.6319692808717996,-0.18763014696443092,0.5808232787407949],[0.6470080532083258,0.7275658458192614,-1.208490233008571,-0.3578285823539482,0.14302277434079902,0.3989947114033401,0.23515916564070338,-0.6803470662076019,-0.5774824055452392,0.46442192743468635,0.20070797105716975,-0.6697175178828196],[-1.3463728687674958,0.4335222300960748,0.5451038731363734,0.826397300898449,0.8593366304929524,-0.5759233487654511,-0.7792293335524132,0.7695522891453015,-0.6902319830037886,0.9054528996322068,0.22958117845814463,0.09956632520700792],[-0.2831239905217753,-0.7162552032057364,-0.24455628722552747,-1.0813104160656029,0.42595814813870025,-0.4828963145415407,-0.20803109928947794,-0.4810229278797936,0.17647055538390966,-0.37531554914484944,-0.1421675079753032,-0.48749442713232405],[-0.7434888276658693,-0.9214885093933053,0.6053576726728136,1.5051324716221477,0.30852371347249974,0.16463925583832606,0.9630494520126783,-0.6334655434377279,0.888434215617138,-0.7643828017009553,0.16554350149517627,-0.19282878571597661]],\"weights2\":[[-0.30451352805727006,0.9596375904971172,-0.5401951030530746],[-0.5657833810385391,0.3004226033283586,-0.19312212063418865],[-1.0198878054495308,0.5409541448407528,0.19619236217908087],[0.0591693887696062,-0.21002076151546767,-0.12314860580169806],[-0.2604027330832267,0.3743414324963905,0.9088043049706345],[0.8774176792008195,0.5317178790857869,-0.19447615008999586],[0.2970527199329579,-0.25758734071741474,0.3184648961940928],[1.424483036191773,-0.2291190309036666,1.2011379811525529],[-0.35280602971852437,1.2226133230539398,0.9155770028550615],[0.9535781437527442,-0.671752036462248,-0.4146816392549326],[-1.5216541183311618,-1.1581823527104298,0.8700203023338282],[0.8196621848175789,0.18026506265362485,0.4065324709517065]],\"bias1\":[0.38438618662608726,-0.9289724993249261,0.19049482943505747,0.3718957856640428,-0.3509628584184835,0.862888472951448,0.3750497352598192,0.7841369266996181,0.4431270703086315,0.020887317370538505,0.5884259928436704,0.3835638873293916],\"bias2\":[1.1077529996908033,-0.34703674868851975,-0.7339524320834167]}",
  "timestamp": "2025-07-21T17:51:31.542Z"
}