{
  "generation": 39,
  "fitness": 380581.1999999913,
  "network": "{\"weights1\":[[0.21797530797828046,-0.7353854055613506,-0.6196261460769175,-0.762516847894942,-1.2766147585895011,-0.33278536081796073,-0.12775530338116636,-0.4667647082315297,0.5499920713520557,-0.7894652272410543],[-0.7355469288551371,-0.7928491408571999,-0.8092732352848908,0.9596540116653781,0.8230731596610356,-0.667398370999471,-1.1569448303217609,-0.2160773950009881,0.30356712967242094,-0.7631187908669479],[-0.8202035918991409,-0.11013545953267645,-0.7522451653094397,-0.40759051585257966,0.12491691675122318,-0.32432900151859334,0.7677791675373347,0.3801287780631686,0.09851286601087228,0.1546970135392699],[0.9454185519342913,-0.8701686147550998,0.0056248690418261305,-0.8526970120270296,0.09220068714916096,-0.86173647928386,0.3220527496853204,0.5926960341291825,-0.8788026947442167,-0.6296799078927222],[0.5757039811206262,-0.7229199947356166,-0.39343863862344053,0.40355440736689996,0.6795375728945561,-0.46419459506031435,0.531880028348698,0.16189004680822405,0.8433286913566522,0.3393578311485135],[-0.27560447776775465,-0.42669718279776336,-0.6638342217173981,0.2783834068669595,-0.42694583395514096,0.5397812632079309,0.6276734726231576,0.7005844592183649,0.7993667335734977,0.09172827171331699],[1.1893674474531906,0.4383003212088479,0.8085809800183021,0.2623819288614585,0.5446194408233349,0.16099492586756092,0.09883285823888899,-0.1069184748473706,-0.3842516791386035,0.4759818319446194],[-0.6492479156253417,0.21221643686451253,0.04330591480994617,-0.11559279939215883,-0.03073562390464213,-0.7618128964642299,-0.6721715246200146,-0.5912160837553788,0.5677837007203089,-0.6363392500808649],[-0.45105854757625274,0.2484500463722722,-0.059699077294809944,-0.020622454044317506,-0.6284279817390809,0.7814445671102023,-0.326429651521956,0.12081313256967585,-0.2541805917122284,-0.45476677470541116]],\"weights2\":[[0.6402491815842843,0.46173976967416475],[-0.6829022844588546,0.12383303914517851],[0.0738103820391327,-0.33627597766565964],[0.38477453915143256,-0.24220233735161856],[0.8464770144820051,-0.18728231687033814],[0.4156394465156765,0.3195947314256129],[0.03788545576796043,0.2851804714714685],[-0.1417025001483715,0.7314944908030596],[0.17687689413313645,-0.38586284154562334],[-0.6075759416884221,0.5459083611087814]],\"bias1\":[0.9263581925556477,1.0729844013674679,0.09684907999531978,-0.8245393518632367,0.9683638951263435,-0.8047697969762946,-0.2615241669791496,0.19728123652286134,-0.9514622156850594,-0.13912939687186654],\"bias2\":[0.9262765930887058,0.4930625331975462]}",
  "timestamp": "2025-07-20T07:25:24.594Z"
}