{
  "generation": 102,
  "fitness": 10664290.31196964,
  "network": "{\"weights1\":[[0.04351963926766367,-1.0532817451051992,-0.1983000177819183,-0.2684041219819131,-0.7103735785942896,0.4745805158694525,-0.4064068929267247,-1.07745556234613,0.6775351582242424,0.10325016582659485],[-0.7362134083134405,-0.7511595541897726,0.4467526084001242,-1.098247685912825,0.3434086632145167,0.8040240259540177,-0.054205093034293994,-1.1085661352171072,-0.518279803318985,-1.0903577609173252],[1.0632664773489273,0.21972519489807074,1.1937818146504962,-0.6508234178413261,-0.17574633026177733,0.23207938810874873,0.2533046059561386,-0.785475515512502,0.48515441948811,-0.7049414971202628],[-1.7389037762303063,-0.4655162764784244,0.8198593338218285,-0.21796833937329985,-0.3969025951399108,0.30997473127772734,0.7734868594308834,0.4577537978808457,-1.3436715581492529,1.06472650105164],[-0.07613340603173502,-0.5301197363522934,1.007061595065578,1.0726494789838525,-0.8725165279480381,0.25498582394581004,0.43847836193146017,-0.5031598196643523,0.5636062570353033,0.9302105574885253],[0.30475210703564304,-0.2807317132617746,-0.6491349968415686,1.0130362938560382,-0.5004967814342329,-0.1900896145076465,-0.19594254869530225,0.47836849092428857,-0.01865053548950335,-0.3932564757554172],[-0.02426470959581728,0.6590593640396466,0.42946111861261294,-0.440953859469594,0.31999312260240276,-0.19967270551141236,-1.1387627093265986,0.3859064416927095,1.0308189200850404,0.5238926171276208],[0.6530209829926668,0.7482871366578436,0.4116194485083886,0.8405536555511227,-0.7749863834166529,-1.2581333174445222,-1.1496889240477175,-0.368453647990755,-0.22702285197850003,0.12324667103135334],[-0.6965037171014031,-0.39005795980468916,-0.006342521894315278,0.9373936788464285,-0.3645952224300284,1.4050310375192172,-0.05974420867532104,0.19332236480501297,0.45882510036941626,-0.3452713800782178],[-1.0983951680116473,1.1654218454081926,-0.8253445578512747,0.022079216725359063,0.7526620561723701,-1.0003354535100542,0.02505229204841819,0.9687683343181184,-0.014523410458724406,0.01885119741854946]],\"weights2\":[[-1.0402896493423806,-0.9109510078012895,-1.3702258679213188],[-0.9098244776101602,-0.04812253152984014,-0.5057972647629768],[0.8551291140777251,-0.3890833924675098,-0.6512443004422632],[0.7208275633872688,0.6347547602255013,-0.6244446405684745],[-0.93390949777365,0.6513973376772153,-0.2601992920297266],[0.029294349840709222,-0.7053448420230582,0.5888919650573962],[-0.16733376881053952,0.796012719279328,0.43123591344252066],[0.2033279732084735,0.03639500256037054,0.3823333349002733],[-0.0977623011444374,-0.4345789422755636,1.014766823445014],[-0.15109263881395996,1.339503367686371,0.8153329382738662]],\"bias1\":[0.14995779061617298,0.47667097566768,0.3161906056956444,0.304785859582702,-0.8715498179580856,0.9145495822832035,1.1134389627151469,0.5973699526466748,0.16030073738643824,0.4814818430598563],\"bias2\":[0.6020824167896435,-0.3688204823346609,0.12359098674781144]}",
  "timestamp": "2025-07-21T15:50:27.411Z"
}