{
  "generation": 36,
  "fitness": 507175.1786469473,
  "network": "{\"weights1\":[[0.7728221405876635,1.058426681206707,1.3011928466915366,-0.09362601653563718,0.27537325743781305,-0.37404474387235265,-0.06570125173595376,-0.25424297161200793,0.5003549236282047,-0.967585908389348],[-0.46646378316517945,-0.18267813145414857,0.32505451189634715,0.727348496299788,1.102129343375845,-0.30414048956486006,0.6465597428043417,0.3242698260218374,0.10339574218909076,-0.6787742343626233],[0.24167153483650794,-0.6013092844565444,-1.1433238759274316,0.5382748913604916,0.41844508755099585,-0.6106558499573144,-0.6343681863778554,0.32705476658957966,0.9983235876904465,0.009845869695536913],[-0.41003787285694615,0.2380842086202568,0.9932164961553069,-0.7687664147302683,-0.8672080989742184,0.33683486767903015,0.10760216385921151,0.23690205721615087,0.2157919654911855,0.5714739802589414],[-0.2488303388196742,0.6147657923580002,0.09284186091718083,0.7155731959815492,-0.5745674252057198,0.2698632038589699,0.3090678649755546,-0.09034338209766557,-0.8432925853162904,-0.24964897039500633],[0.5144421063623814,0.007846669208328994,-0.9804853403283804,0.8421167572588724,-0.4153255213517285,0.4904976123551352,-1.2384189342980196,0.24651382467119853,-0.9464073791687251,0.9918704313886135],[0.20063745958293877,-0.4414944055785104,-0.66033433624161,0.5190408862869105,1.062041698790244,0.7085409488971105,-0.281888453465834,0.28908584408200966,-0.6951549912395893,-0.9771978676241083],[0.5612314298049764,0.7666998733861888,-0.3085740421405996,-0.6883575417988632,-0.025667227542357063,0.03507311654510381,-1.0406914349328604,1.113379190305681,-0.9346942987109285,0.8422663321160644],[-0.16880436801855736,0.9590582655548212,0.45357348046943713,0.34771682814896376,-0.42783927352502404,0.22321898253530614,-0.7302908427324131,-0.15300607848733694,-0.9053057651125095,0.22197247447167712],[-0.22703912290369566,0.1887416338813187,-0.78149915521653,-0.7032578028375496,-0.0839290364628672,-0.9606543230093312,-0.6678342114632536,0.008690957682609413,-0.6857680455788779,0.16063551859399128]],\"weights2\":[[-0.039827461597210845,-0.4898025403266961,0.16541587035745076],[0.5751146440900919,-0.36660310877498337,0.8765752261682496],[0.41053186104929174,0.47160121872411853,0.7646039738848489],[0.2711967235810433,-0.1011776993365836,-0.6696657788721322],[-1.4468373343962935,-0.864678272626447,0.4013482531201449],[0.9387069929360673,0.7659274988989981,0.389264235913935],[-0.6542284908305598,0.004371964489450653,0.15231018194301682],[-0.7808905123090252,0.496970127663131,1.0192379861448944],[-0.677733843468472,0.3498376888575998,0.018207284632572818],[-0.009909740188345117,0.4278311191393003,0.3738763576095482]],\"bias1\":[0.3007649685569631,0.9292664553236475,0.31659879487105014,0.0345146260456245,-0.02734490567303738,0.8893146841149132,0.0392320321542986,0.3915191583402867,0.6090010374528364,-0.11127177342630201],\"bias2\":[1.2385544662755177,-0.7487967895454286,0.4138271302312966]}",
  "timestamp": "2025-07-20T14:28:53.444Z"
}