{
  "generation": 56,
  "fitness": 10624297.518969811,
  "network": "{\"weights1\":[[1.041780325477496,0.4190563325274036,-0.057274571145625286,1.3977894937131512,0.25382246060600866,0.9300192761973286,0.07476974440837447,0.17115380789948909,-0.49494002614117283,-0.3054256158137113],[-0.05009055750870739,-0.898516928242955,-1.2112006742845192,-0.7966045424322714,-0.12351836566366692,-1.277327624520722,0.41817972608469167,-1.058003811365351,-0.2098666132763346,0.09832465269311508],[0.05244677065801684,0.3795451921634807,-0.4039525995535771,-0.6649581803012473,0.9256855178756964,-0.9685520836234007,-0.0812103146009786,-0.9094044130690192,0.4856970795905644,0.1619453645296295],[-1.150821182656893,-0.4742084734559908,-0.05755403758092914,1.293497412912099,0.4206787986059467,-0.5701187719929022,0.10219617260614455,0.1736910149139731,-0.1232352282388629,-0.9214302461878081],[-0.4034064021433572,-0.5616740522919361,-0.9105629191565182,-0.5065541810370011,-0.006718041667476249,-0.6666008391599305,0.08820376775829819,1.3871010864064643,0.27748828430063066,0.31085242154728754],[-0.7849903073554703,-0.866846887004048,-0.9282567992206103,-0.12214095419629745,0.5635641596107759,-0.9629404594730948,0.7915616220335623,-1.215947798007413,0.7727851487810443,0.2781951298972605],[-0.17498078225634872,-0.521423579045985,-0.09161071550893995,1.327533901712485,0.3588778739671439,0.44818887306163835,1.1416118711482168,0.4916874381520878,0.9014895526685297,-0.8901703986548605],[-0.24934769619855823,0.6990187107182336,0.3867549857214789,0.09798018379883411,-0.33419300751291203,-0.6004291824298665,-0.03464742972253476,-0.14505043157943143,-0.25409942274577224,-0.11134761657623393],[-0.1996521040944308,0.6566165074790452,-0.43580914837650087,-0.8255321084389976,0.8486673146983589,-1.2580853932116263,0.8271110758746404,0.09626414438280262,0.6857427542832539,0.039028968776886885],[0.5097569853847023,-0.7581222485568172,-0.11989976371243094,0.620037571936641,-0.8694940432461415,0.5776442655342383,-1.326515537915919,0.43715356390424454,-0.7499666031998382,0.9005946412914145]],\"weights2\":[[1.1022569903243908,-0.9157276473466771,-0.7698103031060334],[-0.7256856795577281,-0.7907148517266153,-0.1087979666437714],[-0.2511980494397684,-0.803128614054308,0.6920067355717235],[-0.7608271654097476,1.5174046730074,-1.2199825091270438],[0.059335904270281126,-0.2698150095050198,-0.3724580709355052],[-0.9385147040272757,-1.0287030225146052,0.4265991195935477],[1.107951434513891,-1.1769267508902472,-1.2692040016418722],[0.45629921873054435,0.9090025135926866,-0.438120981703392],[0.27396932634419735,-0.1681563348241063,1.5722616736911628],[-0.32117115513396,-0.30699658246857353,0.8048027232648608]],\"bias1\":[1.0240310273356164,0.417418208316226,0.46470788368187055,-0.15057518887209043,-0.967876758371545,-0.22513318532861704,0.06223901245870844,0.36887486456958385,0.4682654331856235,0.10949233384572321],\"bias2\":[1.0285731022706561,-0.9371929456735699,-0.07814003955714621]}",
  "timestamp": "2025-07-21T15:45:40.415Z"
}