{
  "generation": 19,
  "fitness": 12554.943038731322,
  "network": "{\"weights1\":[[-0.3239720467048448,-0.2081465209929486,0.12464419201357169,0.5498911219309448,0.3504418040430012,-0.45271990366260606,0.534200974630544,-0.8417737703325443,-0.33984276547574865,0.9179996392660157],[0.43336319959183933,0.7709414324327293,-0.439021101612012,-0.6622739896599108,0.5888439466558538,0.8716850652559498,0.974552781118783,0.3545536812578688,0.18632030626843077,0.8273699613610321],[-0.7499126831615297,-0.46429391960219724,0.18937242068043791,-0.5534997348365338,-0.8673081389501646,-0.3180256178811941,-0.5252526163063332,-0.4080633988835366,0.530710896483924,0.3871007660945158],[-0.22419831313083538,-0.05128314554147062,-0.45614775396160623,-1.0670170654456261,0.7675859780496914,-0.32604516868761313,-0.6831698995795331,0.8511802488744293,0.29855475857095914,0.22737999993340807],[-0.4298310827244275,0.8542942568042131,-0.4847062004320466,-0.4190665016918297,-0.24123244882476536,-0.4482196590606078,0.6212521145237601,-0.8922189448410452,-0.18781886213007515,-0.3028077742795152],[0.39967482532100007,-0.7944058064941361,0.11622289673353414,0.8745790626697438,0.7839674641207452,-0.6462447045858157,0.7216236349498396,0.30770785812446333,0.08646672313926429,-0.4503578028853581],[0.5645773509452594,-0.4638113186432907,0.2880601054633771,-0.9374607488661297,-0.3695283654191437,-0.07036229611713862,0.7178057531429741,-0.37322070077782865,-0.4154876510364577,-0.9327992968977195],[-0.1318913861414195,0.8018756453189413,-0.21007604448922867,-0.6488447978428928,0.2323920505436119,0.2937140844294457,-0.0054630568064171214,-0.7338731356265336,-0.8784344351177268,0.6872681544246338],[0.8172189123004303,0.040545377313545905,0.9469405766841379,-0.06875705479224692,-0.014675570373918978,0.5316552617523675,-0.23050144389689375,0.022877965698445024,-0.39893396525967617,0.4577619441813847],[0.01816750909693221,-0.8973606836038155,0.7324818290979254,0.30694587727174527,-0.3423366074333618,-0.7766687284713196,-0.5043187971429575,-0.7246261353857948,-1.345577469964797,-0.8569454580475097]],\"weights2\":[[-0.08703112704633387,-0.6721526876621398,-0.45813463546127586],[0.7731009722651678,0.22350346080500072,0.8264908046052217],[0.090021335983546,0.8931115991856168,-0.3040615381578433],[-0.28513733089235305,-0.6799711061299654,0.7811831590241429],[0.2885645282983993,0.25444932522002395,-0.2975654863042133],[-0.05962896070486223,-0.08693267621132961,1.1115740309084483],[0.9218060070322912,-1.1688181750006699,0.6845455854587202],[-0.6166267412456223,-0.47048765595703834,-0.8158637564920457],[0.057266934629037425,-0.4365214772518573,0.9416962263080931],[0.2740194052959556,0.07914055117002061,-0.8084029888118126]],\"bias1\":[0.07456952043928533,-0.004899845221449262,-0.9710111603025227,-0.7699771183660502,-0.39115678477079474,0.4956375409308833,-0.6974719780652334,-0.4640711147170685,0.08885550821936761,0.08433576531915432],\"bias2\":[-0.12044401605680333,-0.6361182066180397,0.5082813567311941]}",
  "timestamp": "2025-07-21T12:09:50.690Z"
}