{
  "generation": 178,
  "fitness": 9939.478340261612,
  "network": "{\"weights1\":[[-0.20992930278722566,-0.40232175367732836,-0.14166027266303027,0.2717621985745817,0.2134508215424834,-0.735015590788496,0.34631001092864355,-0.12522516114656046,0.49037139142655073,-0.8850022489930074],[-1.3747722635978978,0.7179131126679505,-0.48596906034628895,0.08782226617127176,0.36724201347046515,0.9524826439058849,0.8670138706265278,-0.17184157279351098,-0.8741820114895702,0.8602847761047889],[-0.3149840588665962,-0.3143112214661734,-0.4778601215485898,0.49629047075602184,-0.6098952674030574,0.8879415857125512,-0.1671088241175005,1.056531902104656,0.06933637263696102,-1.043299280245211],[-0.8465300154594795,0.3532424864880682,0.8153093379357688,0.32612451065228554,-0.92684720500967,0.640657562582843,-0.023693729482344494,0.6289243478378056,0.6698025818524784,0.8425135618806235],[0.5005510017180242,0.01780199514282943,-0.8483608767942041,-0.5214703596164908,-0.09795838688110936,-0.48924846196009775,0.061512436622954025,0.4406946247336977,0.3659527520665896,-0.7195998826126097],[-0.4895554359773553,-0.43433246911093415,-0.5235226015905975,0.3920740049381465,0.8911700373110092,0.3221914427867615,0.5751706332799086,0.2560248065977876,0.6284055631458974,0.2019098795475588],[-0.9204988994449407,0.3298433442342349,-0.7506443224833554,0.09366470947164984,-0.6297702084316492,0.4216372674573202,-0.46362983621805687,0.2549434060955532,0.6626699369162679,0.8234035299351912],[0.6800324236617156,0.8866483912484872,-0.39885155004198714,0.3021564051641329,-0.08648793584778691,-0.1965516364578992,-0.6021861009899743,1.2127695806312477,0.6175660939142502,-0.4032737006230114],[0.15751980288891843,0.08832647385700942,-0.20457559124034297,0.9337807064415095,-0.6827234111617659,-1.1211343002913332,0.47405189255906643,0.641201447477014,-0.7803580900579561,-0.6358725559762549],[0.9736711798587515,-0.19243119131872455,-0.23451290989313345,0.1627496628987679,-0.5313566801331718,-1.4713209076138374,0.30366785606934654,-0.4495636526690806,0.43684698006545997,0.22220037963776962]],\"weights2\":[[0.5430544787028042,-0.7227663940828315,0.3732388848489929],[-0.22637074288161962,-0.19863137284889154,0.14631762621407507],[-0.37361180251562465,0.2405082454796328,-0.35252668521294084],[0.23729200657552252,0.11555043340669002,0.16959117396244106],[0.2506429896020911,-0.6558086354878498,0.6331915194008829],[-0.2752052617393469,-0.6319317132705631,-0.04053102086025684],[-0.1311941641664257,-1.0069448568598518,-0.5347642969686981],[0.15363362891374943,0.5712746757880672,1.0904130692216265],[-0.21379545764481656,-0.07394102974275762,-0.11233819560688085],[-0.46823650431834496,0.48219835355024454,0.3900115540955619]],\"bias1\":[0.019936905116317516,-0.5244147529638183,-0.7382100670937568,-0.7196734438714565,0.9983317612341203,0.8966086260983832,-0.7871739357501433,0.9490674273833289,0.1356115019364711,0.4649543630711028],\"bias2\":[0.3361754682906428,0.2847331351972513,-0.5146560166723958]}",
  "timestamp": "2025-07-21T10:28:31.869Z"
}