{
  "generation": 26,
  "fitness": 10214092.064277366,
  "network": "{\"weights1\":[[0.319252735644715,-0.49302095284402825,0.3594092023454838,-0.22258571325532128,0.2566436278178199,-0.3499976266354581,0.34164451133486573,-0.1729703794762405,-0.9502470589380381,-0.03590871644817284,-1.287021444888667,0.7740911391982721],[-0.7274566186274981,-0.45034912638585123,-0.06279222658566963,-0.013976189718815757,0.8191223354834514,-0.6002531283249755,-0.9907139496449721,-0.9086412683831195,0.3412649360385591,-0.6787311662412148,-0.6615057658788865,-0.858210094194897],[0.3508200100394695,0.9294784565418897,0.6664154637997014,-0.37425770627801713,0.5201256527670439,-0.5831453567761621,-0.4619166319235558,-0.9147159035095753,-0.11862968559570464,0.7832903123055146,-0.7926373521956713,-0.1379602625344103],[0.8636530882854423,0.19735700830827219,0.13591100247824928,0.15364851050052897,-0.8818394485937955,0.34992365385545643,0.9212636170693886,-0.3911578032520924,0.16933270485817065,0.11364951690474834,0.94795247560381,-0.5947967999878387],[-0.5675165931787345,-0.12856942656963033,0.9014379116139682,0.28605032128107244,0.2283537190677043,0.674282525707473,0.35016665658069135,0.3565883309940583,0.7007677642158358,-0.4968364954140917,-0.8993862972337996,-0.7922709492722148],[0.5420534220716285,-0.1289578218792098,0.7962456538351281,-0.6880238824678617,0.04572928269436072,0.4930467402451111,-0.5286654702179395,-0.5950441724920496,0.285524321412166,-0.8142337980477652,0.8616553215526803,-0.1900986322136644],[0.023035059751994602,-0.3837576697351772,0.43441187919779134,-0.3148790393421166,0.19357365486461964,0.823461848143938,0.06632727210274769,1.1435617984677504,1.127820025645746,0.5935070084347962,0.3380664750207387,-0.42417447127552466],[-0.736995972535281,0.5422217724315834,-0.40594014241566245,-0.4339548483438438,0.629620435492724,0.7813832431044232,-0.6443833287683467,-1.4359506740157801,-0.9235438618982617,-0.5473920097735008,-0.5831963277999538,0.6822466501533804],[0.14207405173495902,-0.6950319949791284,0.4593973527113624,-0.9774848209911607,0.8910177835285754,-0.9765444844981499,0.7869020070842566,-0.4167665093417936,0.5069229031732719,-0.8012967652435892,0.16015371086848462,-0.46728322484603924]],\"weights2\":[[0.8157019077038888,-0.8727733501962159,-0.04196928760177332],[0.18503515638427948,0.4921468033801695,0.7667377077121739],[0.1032928233333259,0.37203087741772645,-0.9272439837164952],[0.877286972905893,-0.7511317965092377,0.37211310426499555],[0.24936807711856823,-0.9414020869934712,0.6058823694172824],[-0.1255022576933441,0.8504869487334741,0.8956361834030209],[-0.07145910401934163,0.9491258721304621,-0.2492277886744545],[-0.9608162772608851,0.8350123777549124,-0.9034722570430376],[-0.6111801171593001,-0.7748811287151023,0.26951235768565096],[0.07328231990402978,-0.46575475767982055,-0.08404714598979446],[0.30491889767114166,0.08501541748073327,-0.11349216749093238],[-0.10778534271528084,-0.20642678664598924,-0.28020446419553835]],\"bias1\":[0.7126741692492039,0.761588135638797,-0.2311887933264798,0.616943109245276,-0.5114032569716338,-0.7251184222196145,0.21217742899524372,0.20360264395142402,-0.7151714241237074,0.16322104227622958,0.018851132047752794,0.5609586931479683],\"bias2\":[1.0694546297941825,0.5118281264495144,-0.14471461049700962]}",
  "timestamp": "2025-07-22T11:22:11.655Z"
}