{
  "generation": 201,
  "fitness": 12493950.050748566,
  "network": "{\"weights1\":[[-0.5184112591485046,-0.29325245307807646,0.7238769392032903,-0.6137070264188532,-0.6719610852685667,0.6957869375438727,-0.7732746142534702,1.624522806479681,-0.34358069016385073,0.1736817648881379,-0.5195640667618722,1.009792301687405],[0.40574070490741576,0.9985164480890181,1.2455547409068566,-1.1667963520878728,-0.037546448710635616,0.4551893458356827,-0.13017752023551288,-1.1444780333719573,-0.2646826896842125,-0.8645506719890623,-0.32574738279519955,-0.38757586778626496],[0.3696538409755803,-0.1175491382495607,-0.4141858176904727,0.2412562703853448,-0.43359273624166705,0.44513181001295865,1.5899559178317726,0.9008648036100136,-0.621900013304612,-1.268759606273026,-0.06794676658270593,-0.8355607436724745],[-1.2279380184294495,-0.6950492702051828,-0.3141342157621352,0.45231497620142713,1.0019285706474923,-0.039873365441414954,0.18744397108726008,-0.2096403545300266,1.290969227702547,0.2036481639561134,0.3913699545301441,0.6576298557911816],[-0.2750296021930543,-0.48802269670291765,-0.46125137125492177,0.5799706753189223,0.5717492194749492,1.9005660577939911,-1.0843192199306175,0.565890518445132,0.19232270356567738,0.4368394657190018,-0.3104301406904978,1.1815941267991432],[0.13836910184186535,0.3766549944146491,0.05705164117520389,-0.31678601712417054,-1.4305585832427994,-0.9378223297379754,-1.1385699014250164,-1.1031626512883677,1.0858122906564165,-0.05069634416723412,0.6160160034227252,0.44160295710305897],[0.9486521614944298,0.06052253459816548,0.14010087068352506,-1.1760820519350759,-0.8504441897823204,-0.3531853013519902,-0.7837296740270732,-0.02743892891796218,0.9626093494181427,0.20514262594982358,-0.1761104296309921,0.44735725558160166],[0.3707695851585384,1.318573884945533,0.4576356137240454,0.36023092582042837,0.15590165477206952,0.5541642037345047,0.0014148174664798674,-0.7668804268079819,-1.4785626143566444,0.13190028916763574,0.5232150378369873,-0.3762691442742615],[0.3286999868432199,-0.5670533735605442,-0.45422077880177436,0.8416476767655897,-0.7884690574361315,1.7508575890229094,0.5236723991064999,1.4548602005021674,-1.44258877149603,0.33804665916155063,0.6955902288738758,-0.5160366609122188]],\"weights2\":[[1.0866734737676165,-1.2277207190879924,0.22186975390595154],[-0.056333954229808136,-2.593880203679204,0.11422093641530506],[2.0320546527646877,-0.45717018491238504,-1.560963234515134],[-0.8581952136804035,-0.1750833735232734,1.6557834270534562],[-1.4410158621690676,-0.07610313552466097,-0.9951919629550654],[0.9869752641542296,-0.3478787527990682,0.4101881430535185],[-0.7322249337057113,0.44195525822644455,0.27270449300631083],[0.5922135630962818,0.26665615181933344,-0.8338610933115631],[1.1457789496467576,0.8361998569859735,-0.354450873741032],[-0.3806111447935603,-0.1403668853657516,-0.7546908626884161],[1.1223505074271638,0.8232701671681893,-2.2777052579518995],[1.5152076835440353,-0.23089738781972324,-0.5425229952097858]],\"bias1\":[-0.5866992494960056,-0.44187588338769956,1.1182730375191046,1.0081551862581755,0.18638043509906144,0.8760794941652472,0.1249176767483885,-0.08631873612788898,0.48465996867031824,-0.2782811729401814,0.14468503927043463,-0.19363912575497577],\"bias2\":[1.2348424682965642,0.5972629180674476,0.2701176357589893]}",
  "timestamp": "2025-07-21T19:32:22.382Z"
}