{
  "generation": 66,
  "fitness": 10669650.383956365,
  "network": "{\"weights1\":[[0.4225764508717831,-0.7738833086145575,0.7740509538909761,-0.4802808309030525,0.07827891838096801,-1.1945120007511756,-0.15459649245738516,-0.04622191049602542,0.2823666947837853,0.08691194071983355],[1.2508790370105494,-0.17671777735082328,-0.4143532681487542,1.2301557896220316,-0.8710373547483697,-0.8333794666554524,-0.10863811491153685,-0.14425842908869724,0.2811691475853212,0.968422412427061],[0.6936244668338448,-0.40279641572809,0.6988019427282258,0.3835642990554019,0.19530267407044877,-0.3949453650561696,0.7552711823291045,-0.6843735369900291,-0.32087531496507415,0.11949636226885052],[-0.9673871080845123,-0.7524363953016678,0.0368158492799876,0.03878859618697028,1.1810418089136796,-0.16475140854427128,0.7787239512173048,0.5305226585228486,0.4055859796946222,1.2785898501787103],[-0.52327594521851,0.07823655000906815,0.5783519173559177,-0.6785067451370647,-0.21808981766685842,0.3899136844781773,0.7706453139023727,0.4000891064270452,1.0786396466795463,-0.5517393713887937],[0.23275216717339842,0.5046340246025012,1.270087468869359,-1.0952239149706546,0.4298528416758104,-0.21149257352286743,0.4698434579367825,0.14785695361381368,0.19260323403807256,0.3937112395752095],[-0.14049897781823084,-0.02897087987758018,0.09436747442861226,-0.15914365869119806,0.21217312590929838,1.0496982392054204,0.320230516839468,-0.945087675283879,1.0292079447405469,0.2378990892390943],[0.23894558648766462,-0.44476419882883855,-0.4244907488216978,0.9928176144427238,0.34878389809502786,-0.4108771373595218,0.5070765894994028,0.029090166169316478,0.4834240231796666,-0.19467216021496914],[-0.08709342355036254,1.2922290614038308,-1.039836502441986,0.8772592861454253,-0.9587593462189042,-0.14995868886483743,1.0375164116879083,0.16123849987039562,-0.8473225759167778,0.38498638439727406]],\"weights2\":[[-1.4270204565443096,-0.9910282686081059,0.32938201105899856],[-0.915243431402493,-0.7550877680973581,-0.16439918776453089],[0.3434645527095964,-0.2706928285075202,0.5836945888455701],[-1.0211724568510019,-0.3229576847710329,-0.3824432722869705],[0.1081326715454245,0.1470429652294406,-0.11132202450360063],[-0.46536795775249673,0.09831753003627908,-1.0536756753518923],[1.2236704620514907,0.012912796502169033,0.2111026715201102],[0.553557729255653,0.14326341628845407,-1.4067868011370441],[0.2753329373699509,0.12671767878317852,0.9394608864978176],[0.8247923371705255,0.31627537904003233,-0.831400146599999]],\"bias1\":[-0.7509678147513109,0.8482825052102138,-0.41532633536316643,-0.10543162911573745,0.3354360224573364,-0.26870001536979893,-0.10151153402483915,0.9389792885206366,-0.15481703372503086,-1.0143438538313516],\"bias2\":[1.396402373914575,-0.8338232996284656,0.5815741828559167]}",
  "timestamp": "2025-07-21T16:17:02.932Z"
}