{
  "generation": 150,
  "fitness": 10676531.746990534,
  "network": "{\"weights1\":[[1.0395456933097424,-0.7037507868173167,-0.6308562116588698,0.19721056156766292,-0.4264576474517948,1.172432688630952,0.09716396910455705,-0.7605372527077572,0.8065517514260441,-0.0634690222564892],[-1.1250200297504498,-1.1572984579101373,-0.14193315007659923,-0.5781233555105529,-0.11183518692962757,1.592134646954231,-1.1671161736013609,-1.394244068721743,-0.4932438470985856,-3.3037655218580895],[0.5638310470077674,-0.3045204690937944,1.1807419477934067,-0.40765211056097606,0.25420427624378295,1.1113236531983874,-0.358806766901293,0.1280122513190597,-0.45740267031329973,-0.08566281055473646],[-1.3624373080347776,-0.17194150812427922,0.6031097871203082,-0.22701494979080583,-1.2915918779868956,0.6766194534722201,1.5198673794370088,1.1323365257836442,-1.683619734339319,2.385179704387115],[0.4042750761883338,-1.1054423437911933,1.1219832805615786,0.8743429435258916,-0.9266004994178307,-1.1098312617318515,0.9780305382306083,-0.984141958195101,0.36076566812330246,0.7451507890353699],[0.11444636010603082,0.10015353561720297,-0.5433828740664645,1.3176424007382033,-0.626044252097437,1.2447775549901259,-0.36644603149743993,1.20517169994422,-0.046792381563410146,-0.8273206483364179],[0.15368952970110572,0.6004242453960305,0.4046913782499366,-0.9752577502698319,1.0446438323493243,-1.577555472201181,-0.2657930275915089,0.7791592219311437,1.254941768803469,0.6035514618276141],[-0.049705706106108916,1.1662412476293298,0.328235937043859,0.07666569318945793,-0.22904916592854474,-0.3400377186138136,-1.1394857599396342,-0.5481783411678677,-0.7748635099472657,0.11664167955032134],[-0.8167552753301318,-0.6799034960055752,0.47762444883031696,0.1407561785668655,-0.2534159923660755,1.267052060081644,-0.16237669533924415,0.9971938947667001,0.3324694750981494,-0.7873431273715937],[-1.2038691790611122,1.6173827348439624,-0.9021330686562793,-0.03354105993617218,0.4191862487488024,-1.5143455027301211,0.32229469877607997,-0.3197814470865272,-0.18641050044150886,0.5949739957047228]],\"weights2\":[[-1.1350172076574063,-0.629906679439962,-1.1511258267647029],[-0.5711320329534818,-0.2371129196674655,-0.2694886567824052],[1.6423457979983407,-0.6986603520538693,-0.8282154313511532],[1.1324409028683173,-0.09804155561995798,1.1570082209870614],[-1.5996883483498328,0.08272412533450091,-0.8777148693159557],[0.9429371421345762,-0.6892859357622475,0.2810664004591529],[0.29751063583844783,1.5843624817380335,0.6085219288594748],[-1.578128984489838,-0.27670211252434185,-0.6285883695295058],[0.6778319803420874,-0.9238848770035697,0.8600200908988949],[0.07302463491912636,1.6479670790766945,0.6097306010744513]],\"bias1\":[0.27434195517415483,0.552357893091679,0.3229885977624778,0.6307140942526352,-1.0568658330992242,0.8006441231168641,1.2111016196513535,1.1332234109398547,0.22783615281099734,0.0592885556428312],\"bias2\":[0.9795314753012064,0.14662816749891328,0.09024502475458196]}",
  "timestamp": "2025-07-21T15:56:35.765Z"
}